Fold,LogL,p_change,eps,beta_R_1,beta_Ratio_1,beta_Ratio_2,gamma_R,gamma_N,lambda_R,lambda_N,alpha,delta_alpha,Q_N_0,beta_R_2
1.0,-1996.9470407557385,0.0325,0.01,14.9,0.485,0.075,0.97,0.8,0.94,0.95,0.0,1.0,0.0,5.5
2.0,-2206.903966034604,0.0275,0.003981071705534973,14.9,0.6,0.02,0.99,0.95,0.88,0.85,0.04,0.95,0.0,4.5
3.0,-1952.3315066761154,0.0325,0.015848931924611134,14.9,0.475,0.01,0.91,0.95,1.0,0.7,0.06,0.7,0.0,4.9
