Fold,LogL,p_change,eps,beta_R_1,beta_Ratio_1,beta_Ratio_2,gamma_R,gamma_N,lambda_R,lambda_N,alpha,delta_alpha,Q_N_0,N_PS,w2,w11,w12,w_scaler,beta_R_2,beta_Ratio_exploit
1.0,-1881.104778983337,0.005,1.0e-12,9.3,0.125,0.18,0.99,0.55,0.91,1.0,0.08,0.8,1.5,0.0,0.85,0.45,0.3,2.7,2.5,0.05
2.0,-2061.7312947239984,0.0025,1.0e-11,5.9,0.205,0.135,0.97,0.55,0.86,0.95,0.12,0.85,2.5,10.0,0.7,0.5,0.45,2.7,1.9,0.125
3.0,-1792.4700387519213,0.0575,1.0e-12,14.7,0.095,0.165,0.99,0.8,0.95,0.9,0.02,0.05,2.75,0.0,0.55,0.4,0.25,4.5,4.3,0.1
