Fold,LogL,p_change,eps,beta_R_1,beta_Ratio_1,beta_Ratio_2,gamma_R,gamma_N,lambda_R,lambda_N,alpha,delta_alpha,Q_N_0,N_PS,w2,w11,w12,w_scaler,beta_R_2,beta_Ratio_exploit
1.0,-1880.0660545246074,0.01,2.5118864315095823e-6,7.5,0.09,0.13,0.92,0.75,1.0,0.85,0.06,0.65,1.25,1.0,0.85,0.35,0.25,3.4,2.3,0.025
2.0,-2059.6112446637617,0.0125,1.0e-12,8.1,0.175,0.25,0.99,0.85,0.85,0.6,0.1,0.65,6.5,0.0,0.7,0.3,0.2,2.9,2.1,0.05
3.0,-1785.9492856988982,0.0125,1.0e-12,14.3,0.085,0.105,0.97,0.9,0.92,0.7,0.08,0.3,6.5,0.0,0.6,0.35,0.3,2.3,3.5,0.05
