Fold,LogL,p_change,eps,beta_R_1,beta_Ratio_1,beta_Ratio_2,gamma_R,gamma_N,lambda_R,lambda_N,alpha,delta_alpha,Q_N_0,N_PS,w2,w11,w12,w_scaler,beta_R_2,beta_Ratio_exploit
1.0,-1880.5754151526946,0.0075,1.0e-12,13.7,0.085,0.105,0.99,0.6,0.91,1.0,0.06,0.65,0.5,0.0,1.0,0.45,0.4,2.1,3.3,0.025
2.0,-2058.322163214091,0.0025,1.0e-12,14.9,0.245,0.16,0.97,0.65,0.85,0.8,0.14,0.85,4.0,0.0,0.9,0.8,0.65,0.7,4.5,0.2
3.0,-1783.8493953319974,0.01,1.0e-12,9.7,0.12,0.2,0.99,0.8,0.91,0.7,0.08,0.3,4.0,0.0,0.45,0.35,0.2,3.5,2.7,0.1
