Fold,LogL,p_change,eps,beta_R_1,beta_Ratio_1,beta_Ratio_2,gamma_R,gamma_N,lambda_R,lambda_N,alpha,delta_alpha,Q_N_0,N_PS,w2,w11,w12,w_scaler,beta_R_2,beta_Ratio_exploit
1.0,-1876.9488064916184,0.0125,1.0e-12,10.7,0.11,0.155,0.94,0.8,0.97,0.75,0.06,0.65,3.5,0.0,0.95,0.4,0.3,2.4,2.9,0.025
2.0,-2061.6282791734657,0.0125,0.00015848931924611142,5.7,0.215,0.14,0.99,0.5,0.87,1.0,0.08,0.9,2.5,10.0,0.85,0.6,0.55,2.7,1.7,0.1
3.0,-1784.2624208006723,0.0375,1.0e-12,14.9,0.075,0.275,0.99,0.95,0.93,0.7,0.04,0.3,8.75,0.0,0.45,0.35,0.1,2.4,4.5,0.075
